be26179,2024-10-23T08:58:48
464a487,2024-10-24T07:40:34
a54bad9,2024-10-24T10:01:36
v1.0.0-beta,2024-10-24T10:13:21
ea0cb5d,2024-10-25T14:32:37
v1.0.1-beta,2024-10-31T10:22:43
v1.0.2-beta,2024-11-07T14:13:39
v1.0.3-beta,2024-11-15T11:34:08
v1.0.4-beta,2024-11-21T14:00:41
3a1a56f,2024-11-25T11:24:46
v1.0.5-beta,2024-11-28T10:15:18
v1.0.6-beta,2024-12-05T10:49:05
v1.0.7-beta,2025-01-08T15:45:15
v1.0.8-beta,2025-01-16T09:05:01
v1.0.9-beta,2025-01-23T11:00:51
v1.0.10-beta,2025-02-07T10:02:35
v1.0.11-beta,2025-02-13T09:40:27
v1.0.12-beta,2025-02-26T13:15:50
v1.0.13-beta,2025-03-06T08:41:25
v1.0.14-beta,2025-03-13T08:41:48
v1.0.15-beta,2025-03-20T08:47:10
v1.0.16-beta,2025-03-27T11:30:42
v1.0.17-beta,2025-04-03T09:41:43
v1.0.18-beta,2025-04-14T11:16:15
v1.0.19-beta,2025-04-24T10:05:04
v1.0.20-beta,2025-05-01T07:25:12
v1.0.21-beta,2025-05-08T08:54:44
v1.0.22-beta,2025-05-15T15:17:18
v1.0.23-beta,2025-05-29T09:32:41
